h,t,t,p,s,:,/,/,w,w,w,.,y,o,u,t,u,b,e,.,c,o,m,/,w,a,t,c,h,?,v,=,y,a,p,p,Q,Q,t,f,k,8,Q
h,t,t,p,s,:,/,/,w,w,w,.,y,o,u,t,u,b,e,.,c,o,m,/,w,a,t,c,h,?,v,=,U,k,C,5,u,V,S,f,a,7,k
h,t,t,p,s,:,/,/,w,w,w,.,y,o,u,t,u,b,e,.,c,o,m,/,w,a,t,c,h,?,v,=,C,T,F,R,s,A,V,G,-,Z,4
h,t,t,p,s,:,/,/,w,w,w,.,y,o,u,t,u,b,e,.,c,o,m,/,w,a,t,c,h,?,v,=,A,s,_,4,M,E,J,U,z,e,Y
h,t,t,p,s,:,/,/,w,w,w,.,y,o,u,t,u,b,e,.,c,o,m,/,w,a,t,c,h,?,v,=,0,y,i,5,e,2,5,F,d,-,g
h,t,t,p,s,:,/,/,w,w,w,.,y,o,u,t,u,b,e,.,c,o,m,/,w,a,t,c,h,?,v,=,V,9,x,-,o,j,o,y,W,g,M
h,t,t,p,s,:,/,/,w,w,w,.,y,o,u,t,u,b,e,.,c,o,m,/,w,a,t,c,h,?,v,=,J,Z,J,I,d,o,v,p,J,M,0
h,t,t,p,s,:,/,/,w,w,w,.,y,o,u,t,u,b,e,.,c,o,m,/,w,a,t,c,h,?,v,=,F,7,U,z,_,X,D,3,L,h,k
h,t,t,p,s,:,/,/,w,w,w,.,y,o,u,t,u,b,e,.,c,o,m,/,w,a,t,c,h,?,v,=,S,I,t,I,a,W,A,j,I,_,4
h,t,t,p,s,:,/,/,w,w,w,.,y,o,u,t,u,b,e,.,c,o,m,/,w,a,t,c,h,?,v,=,r,x,S,l,M,p,8,j,n,e,M
h,t,t,p,s,:,/,/,w,w,w,.,y,o,u,t,u,b,e,.,c,o,m,/,w,a,t,c,h,?,v,=,U,v,a,C,u,w,Y,u,C,h,o
h,t,t,p,s,:,/,/,w,w,w,.,y,o,u,t,u,b,e,.,c,o,m,/,w,a,t,c,h,?,v,=,B,U,V,2,s,R,I,c,n,q,w
h,t,t,p,s,:,/,/,w,w,w,.,y,o,u,t,u,b,e,.,c,o,m,/,w,a,t,c,h,?,v,=,i,g,4,4,r,D,Y,o,8,I,M
h,t,t,p,s,:,/,/,w,w,w,.,y,o,u,t,u,b,e,.,c,o,m,/,w,a,t,c,h,?,v,=,3,N,2,P,H,S,Z,T,Y,o,M
h,t,t,p,s,:,/,/,w,w,w,.,y,o,u,t,u,b,e,.,c,o,m,/,w,a,t,c,h,?,v,=,g,t,m,q,F,m,X,P,y,s,I
h,t,t,p,s,:,/,/,w,w,w,.,y,o,u,t,u,b,e,.,c,o,m,/,w,a,t,c,h,?,v,=,q,y,k,m,o,b,6,N,B,8,g
h,t,t,p,s,:,/,/,w,w,w,.,y,o,u,t,u,b,e,.,c,o,m,/,w,a,t,c,h,?,v,=,e,r,T,f,X,r,H,n,p,t,0
h,t,t,p,s,:,/,/,w,w,w,.,y,o,u,t,u,b,e,.,c,o,m,/,w,a,t,c,h,?,v,=,5,7,m,b,v,C,X,W,s,w,k
h,t,t,p,s,:,/,/,w,w,w,.,y,o,u,t,u,b,e,.,c,o,m,/,w,a,t,c,h,?,v,=,U,Z,G,y,M,u,H,R,x,5,8
h,t,t,p,s,:,/,/,w,w,w,.,y,o,u,t,u,b,e,.,c,o,m,/,w,a,t,c,h,?,v,=,6,b,4,g,b,k,m,g,T,m,U
h,t,t,p,s,:,/,/,w,w,w,.,y,o,u,t,u,b,e,.,c,o,m,/,w,a,t,c,h,?,v,=,d,S,5,U,p,P,f,l,m,n,M
h,t,t,p,s,:,/,/,w,w,w,.,y,o,u,t,u,b,e,.,c,o,m,/,w,a,t,c,h,?,v,=,Z,m,h,w,O,S,1,1,c,i,M
h,t,t,p,s,:,/,/,w,w,w,.,y,o,u,t,u,b,e,.,c,o,m,/,w,a,t,c,h,?,v,=,4,7,K,q,1,t,b,D,C,A,0
h,t,t,p,s,:,/,/,w,w,w,.,y,o,u,t,u,b,e,.,c,o,m,/,w,a,t,c,h,?,v,=,S,C,D,2,t,B,1,q,I,L,c
h,t,t,p,s,:,/,/,w,w,w,.,y,o,u,t,u,b,e,.,c,o,m,/,w,a,t,c,h,?,v,=,h,-,T,_,_,q,X,R,X,X,k
h,t,t,p,s,:,/,/,w,w,w,.,y,o,u,t,u,b,e,.,c,o,m,/,w,a,t,c,h,?,v,=,k,1,I,a,G,H,f,Z,4,Y,U
h,t,t,p,s,:,/,/,w,w,w,.,y,o,u,t,u,b,e,.,c,o,m,/,w,a,t,c,h,?,v,=,B,3,J,H,H,1,4,x,E,o,Q
h,t,t,p,s,:,/,/,w,w,w,.,y,o,u,t,u,b,e,.,c,o,m,/,w,a,t,c,h,?,v,=,r,q,b,M,r,R,D,O,u,3,4
h,t,t,p,s,:,/,/,w,w,w,.,y,o,u,t,u,b,e,.,c,o,m,/,w,a,t,c,h,?,v,=,S,4,J,V,O,w,O,D,t,_,I
h,t,t,p,s,:,/,/,w,w,w,.,y,o,u,t,u,b,e,.,c,o,m,/,w,a,t,c,h,?,v,=,m,x,k,H,C,h,Q,I,z,C,Q
h,t,t,p,s,:,/,/,w,w,w,.,y,o,u,t,u,b,e,.,c,o,m,/,w,a,t,c,h,?,v,=,6,c,9,V,y,g,f,d,c,X,Q
h,t,t,p,s,:,/,/,w,w,w,.,y,o,u,t,u,b,e,.,c,o,m,/,w,a,t,c,h,?,v,=,f,5,G,u,l,3,U,V,F,e,g
h,t,t,p,s,:,/,/,w,w,w,.,y,o,u,t,u,b,e,.,c,o,m,/,w,a,t,c,h,?,v,=,m,U,g,O,0,A,d,K,m,d,E
h,t,t,p,s,:,/,/,w,w,w,.,y,o,u,t,u,b,e,.,c,o,m,/,w,a,t,c,h,?,v,=,g,Y,1,6,m,s,U,g,C,Y,M
h,t,t,p,s,:,/,/,w,w,w,.,y,o,u,t,u,b,e,.,c,o,m,/,w,a,t,c,h,?,v,=,-,Q,o,X,J,E,L,i,7,n,g
h,t,t,p,s,:,/,/,w,w,w,.,y,o,u,t,u,b,e,.,c,o,m,/,w,a,t,c,h,?,v,=,Q,q,b,M,T,9,N,N,Y,W,k
h,t,t,p,s,:,/,/,w,w,w,.,y,o,u,t,u,b,e,.,c,o,m,/,w,a,t,c,h,?,v,=,i,n,w,P,G,6,m,k,t,5,E
h,t,t,p,s,:,/,/,w,w,w,.,y,o,u,t,u,b,e,.,c,o,m,/,w,a,t,c,h,?,v,=,u,y,v,A,s,Y,L,N,D,4,c
h,t,t,p,s,:,/,/,w,w,w,.,y,o,u,t,u,b,e,.,c,o,m,/,w,a,t,c,h,?,v,=,z,k,4,x,g,u,0,3,d,B,s
h,t,t,p,s,:,/,/,w,w,w,.,y,o,u,t,u,b,e,.,c,o,m,/,w,a,t,c,h,?,v,=,e,X,P,V,5,0,H,x,6,V,8
h,t,t,p,s,:,/,/,w,w,w,.,y,o,u,t,u,b,e,.,c,o,m,/,w,a,t,c,h,?,v,=,L,K,Z,W,Z,t,R,U,P,V,Y
h,t,t,p,s,:,/,/,w,w,w,.,y,o,u,t,u,b,e,.,c,o,m,/,w,a,t,c,h,?,v,=,1,A,I,0,x,2,q,p,0,x,c
h,t,t,p,s,:,/,/,w,w,w,.,y,o,u,t,u,b,e,.,c,o,m,/,w,a,t,c,h,?,v,=,3,k,b,l,N,z,9,3,q,W,k
h,t,t,p,s,:,/,/,w,w,w,.,y,o,u,t,u,b,e,.,c,o,m,/,w,a,t,c,h,?,v,=,_,H,L,l,b,4,M,u,3,o,g
h,t,t,p,s,:,/,/,w,w,w,.,y,o,u,t,u,b,e,.,c,o,m,/,w,a,t,c,h,?,v,=,c,v,q,7,J,y,-,T,F,A,U
h,t,t,p,s,:,/,/,w,w,w,.,y,o,u,t,u,b,e,.,c,o,m,/,w,a,t,c,h,?,v,=,X,s,U,g,C,X,a,i,a,w,k
h,t,t,p,s,:,/,/,w,w,w,.,y,o,u,t,u,b,e,.,c,o,m,/,w,a,t,c,h,?,v,=,k,g,Q,_,U,O,u,j,F,b,Y
h,t,t,p,s,:,/,/,w,w,w,.,y,o,u,t,u,b,e,.,c,o,m,/,w,a,t,c,h,?,v,=,J,6,-,_,q,q,9,y,S,r,c
h,t,t,p,s,:,/,/,w,w,w,.,y,o,u,t,u,b,e,.,c,o,m,/,w,a,t,c,h,?,v,=,g,M,g,y,t,8,K,T,r,r,M
h,t,t,p,s,:,/,/,w,w,w,.,y,o,u,t,u,b,e,.,c,o,m,/,w,a,t,c,h,?,v,=,i,h,D,k,Z,C,5,P,m,i,A
h,t,t,p,s,:,/,/,w,w,w,.,y,o,u,t,u,b,e,.,c,o,m,/,w,a,t,c,h,?,v,=,W,O,P,E,b,I,I,Q,R,R,I
h,t,t,p,s,:,/,/,w,w,w,.,y,o,u,t,u,b,e,.,c,o,m,/,w,a,t,c,h,?,v,=,R,f,z,G,d,9,W,9,s,U,I
h,t,t,p,s,:,/,/,w,w,w,.,y,o,u,t,u,b,e,.,c,o,m,/,w,a,t,c,h,?,v,=,8,G,J,-,S,u,7,_,I,H,s
h,t,t,p,s,:,/,/,w,w,w,.,y,o,u,t,u,b,e,.,c,o,m,/,w,a,t,c,h,?,v,=,H,1,3,N,2,r,X,5,j,F,c
h,t,t,p,s,:,/,/,w,w,w,.,y,o,u,t,u,b,e,.,c,o,m,/,w,a,t,c,h,?,v,=,p,4,b,9,D,V,R,e,2,H,Y
h,t,t,p,s,:,/,/,w,w,w,.,y,o,u,t,u,b,e,.,c,o,m,/,w,a,t,c,h,?,v,=,s,H,3,6,y,j,Q,y,M,B,s
h,t,t,p,s,:,/,/,w,w,w,.,y,o,u,t,u,b,e,.,c,o,m,/,w,a,t,c,h,?,v,=,O,3,f,1,0,x,c,r,Z,F,U
h,t,t,p,s,:,/,/,w,w,w,.,y,o,u,t,u,b,e,.,c,o,m,/,w,a,t,c,h,?,v,=,J,1,X,2,4,3,b,q,-,h,o
h,t,t,p,s,:,/,/,w,w,w,.,y,o,u,t,u,b,e,.,c,o,m,/,w,a,t,c,h,?,v,=,v,E,h,E,U,i,E,Y,_,Q,g
