h,t,t,p,s,:,/,/,w,w,w,.,y,o,u,t,u,b,e,.,c,o,m,/,w,a,t,c,h,?,v,=,S,e,y,w,e,G,H,L,x,S,g
h,t,t,p,s,:,/,/,w,w,w,.,y,o,u,t,u,b,e,.,c,o,m,/,w,a,t,c,h,?,v,=,q,1,U,L,J,9,2,a,l,d,E
h,t,t,p,s,:,/,/,w,w,w,.,y,o,u,t,u,b,e,.,c,o,m,/,w,a,t,c,h,?,v,=,V,o,Q,c,G,r,S,Y,Q,X,I
h,t,t,p,s,:,/,/,w,w,w,.,y,o,u,t,u,b,e,.,c,o,m,/,w,a,t,c,h,?,v,=,Z,W,O,A,6,l,Q,i,E,T,k
h,t,t,p,s,:,/,/,w,w,w,.,y,o,u,t,u,b,e,.,c,o,m,/,w,a,t,c,h,?,v,=,Z,h,E,C,y,z,8,5,F,M,c
h,t,t,p,s,:,/,/,w,w,w,.,y,o,u,t,u,b,e,.,c,o,m,/,w,a,t,c,h,?,v,=,1,W,P,_,Y,L,n,1,D,1,c
h,t,t,p,s,:,/,/,w,w,w,.,y,o,u,t,u,b,e,.,c,o,m,/,w,a,t,c,h,?,v,=,Z,y,n,b,J,W,C,j,J,x,g
h,t,t,p,s,:,/,/,w,w,w,.,y,o,u,t,u,b,e,.,c,o,m,/,w,a,t,c,h,?,v,=,u,1,I,9,I,T,f,z,q,F,s
h,t,t,p,s,:,/,/,w,w,w,.,y,o,u,t,u,b,e,.,c,o,m,/,w,a,t,c,h,?,v,=,v,4,Z,a,0,6,1,p,Q,a,c
h,t,t,p,s,:,/,/,w,w,w,.,y,o,u,t,u,b,e,.,c,o,m,/,w,a,t,c,h,?,v,=,8,V,D,j,P,Y,c,L,-,o,U
h,t,t,p,s,:,/,/,w,w,w,.,y,o,u,t,u,b,e,.,c,o,m,/,w,a,t,c,h,?,v,=,5,L,I,5,Q,Z,V,U,U,9,8
h,t,t,p,s,:,/,/,w,w,w,.,y,o,u,t,u,b,e,.,c,o,m,/,w,a,t,c,h,?,v,=,i,a,K,g,F,1,V,f,5,b,Q
h,t,t,p,s,:,/,/,w,w,w,.,y,o,u,t,u,b,e,.,c,o,m,/,w,a,t,c,h,?,v,=,1,T,J,s,N,5,8,h,v,7,4
h,t,t,p,s,:,/,/,w,w,w,.,y,o,u,t,u,b,e,.,c,o,m,/,w,a,t,c,h,?,v,=,p,k,-,5,a,S,9,G,9,I,4
h,t,t,p,s,:,/,/,w,w,w,.,y,o,u,t,u,b,e,.,c,o,m,/,w,a,t,c,h,?,v,=,Y,D,C,D,e,m,L,I,U,O,0
h,t,t,p,s,:,/,/,w,w,w,.,y,o,u,t,u,b,e,.,c,o,m,/,w,a,t,c,h,?,v,=,E,F,E,7,Z,k,H,b,S,K,A
h,t,t,p,s,:,/,/,w,w,w,.,y,o,u,t,u,b,e,.,c,o,m,/,w,a,t,c,h,?,v,=,x,_,O,w,c,Y,T,N,b,H,s
h,t,t,p,s,:,/,/,w,w,w,.,y,o,u,t,u,b,e,.,c,o,m,/,w,a,t,c,h,?,v,=,5,B,7,r,2,S,Y,5,W,-,M
h,t,t,p,s,:,/,/,w,w,w,.,y,o,u,t,u,b,e,.,c,o,m,/,w,a,t,c,h,?,v,=,7,T,s,L,B,m,X,N,K,e,o
h,t,t,p,s,:,/,/,w,w,w,.,y,o,u,t,u,b,e,.,c,o,m,/,w,a,t,c,h,?,v,=,p,x,E,K,o,Z,K,p,C,e,w
h,t,t,p,s,:,/,/,w,w,w,.,y,o,u,t,u,b,e,.,c,o,m,/,w,a,t,c,h,?,v,=,3,n,Q,N,i,W,d,e,H,2,Q
h,t,t,p,s,:,/,/,w,w,w,.,y,o,u,t,u,b,e,.,c,o,m,/,w,a,t,c,h,?,v,=,I,H,t,L,_,B,K,O,8,0,4
h,t,t,p,s,:,/,/,w,w,w,.,y,o,u,t,u,b,e,.,c,o,m,/,w,a,t,c,h,?,v,=,u,E,i,D,B,F,u,8,F,I,w
h,t,t,p,s,:,/,/,w,w,w,.,y,o,u,t,u,b,e,.,c,o,m,/,w,a,t,c,h,?,v,=,v,b,3,k,s,4,W,l,l,X,A
h,t,t,p,s,:,/,/,w,w,w,.,y,o,u,t,u,b,e,.,c,o,m,/,w,a,t,c,h,?,v,=,Q,5,G,g,D,_,H,v,J,M,s
h,t,t,p,s,:,/,/,w,w,w,.,y,o,u,t,u,b,e,.,c,o,m,/,w,a,t,c,h,?,v,=,o,t,D,-,X,b,A,h,M,b,U
h,t,t,p,s,:,/,/,w,w,w,.,y,o,u,t,u,b,e,.,c,o,m,/,w,a,t,c,h,?,v,=,x,s,h,E,Z,z,p,S,4,C,Q
h,t,t,p,s,:,/,/,w,w,w,.,y,o,u,t,u,b,e,.,c,o,m,/,w,a,t,c,h,?,v,=,u,6,R,J,v,7,f,_,_,M,g
h,t,t,p,s,:,/,/,w,w,w,.,y,o,u,t,u,b,e,.,c,o,m,/,w,a,t,c,h,?,v,=,Y,H,S,H,9,k,9,o,o,Z,Y
h,t,t,p,s,:,/,/,w,w,w,.,y,o,u,t,u,b,e,.,c,o,m,/,w,a,t,c,h,?,v,=,S,8,1,b,L,q,p,s,t,U,E
h,t,t,p,s,:,/,/,w,w,w,.,y,o,u,t,u,b,e,.,c,o,m,/,w,a,t,c,h,?,v,=,M,M,0,l,W,s,v,i,e,a,E
h,t,t,p,s,:,/,/,w,w,w,.,y,o,u,t,u,b,e,.,c,o,m,/,w,a,t,c,h,?,v,=,g,e,W,8,x,N,7,g,r,p,g
h,t,t,p,s,:,/,/,w,w,w,.,y,o,u,t,u,b,e,.,c,o,m,/,w,a,t,c,h,?,v,=,I,I,r,C,D,A,V,3,E,g,I
h,t,t,p,s,:,/,/,w,w,w,.,y,o,u,t,u,b,e,.,c,o,m,/,w,a,t,c,h,?,v,=,A,2,A,y,d,J,c,U,K,R,8
h,t,t,p,s,:,/,/,w,w,w,.,y,o,u,t,u,b,e,.,c,o,m,/,w,a,t,c,h,?,v,=,n,n,X,v,o,3,o,u,J,j,Q
h,t,t,p,s,:,/,/,w,w,w,.,y,o,u,t,u,b,e,.,c,o,m,/,w,a,t,c,h,?,v,=,o,q,x,i,c,Y,w,-,6,P,U
h,t,t,p,s,:,/,/,w,w,w,.,y,o,u,t,u,b,e,.,c,o,m,/,w,a,t,c,h,?,v,=,q,5,m,d,Z,x,t,k,o,0,A
h,t,t,p,s,:,/,/,w,w,w,.,y,o,u,t,u,b,e,.,c,o,m,/,w,a,t,c,h,?,v,=,A,O,e,Y,-,n,D,p,7,h,I
h,t,t,p,s,:,/,/,w,w,w,.,y,o,u,t,u,b,e,.,c,o,m,/,w,a,t,c,h,?,v,=,n,Q,T,_,2,X,S,4,5,U,k
h,t,t,p,s,:,/,/,w,w,w,.,y,o,u,t,u,b,e,.,c,o,m,/,w,a,t,c,h,?,v,=,m,S,L,u,J,Y,t,l,8,9,Y
h,t,t,p,s,:,/,/,w,w,w,.,y,o,u,t,u,b,e,.,c,o,m,/,w,a,t,c,h,?,v,=,A,Q,I,d,J,7,t,7,n,D,Q
h,t,t,p,s,:,/,/,w,w,w,.,y,o,u,t,u,b,e,.,c,o,m,/,w,a,t,c,h,?,v,=,b,M,7,S,Z,5,S,B,z,y,Y
h,t,t,p,s,:,/,/,w,w,w,.,y,o,u,t,u,b,e,.,c,o,m,/,w,a,t,c,h,?,v,=,F,k,K,j,Z,z,2,v,p,y,4
h,t,t,p,s,:,/,/,w,w,w,.,y,o,u,t,u,b,e,.,c,o,m,/,w,a,t,c,h,?,v,=,5,Z,Z,e,i,-,y,S,y,3,M
h,t,t,p,s,:,/,/,w,w,w,.,y,o,u,t,u,b,e,.,c,o,m,/,w,a,t,c,h,?,v,=,3,f,I,K,S,o,1,N,L,0,I
h,t,t,p,s,:,/,/,w,w,w,.,y,o,u,t,u,b,e,.,c,o,m,/,w,a,t,c,h,?,v,=,l,D,4,Z,I,z,o,s,p,_,c
h,t,t,p,s,:,/,/,w,w,w,.,y,o,u,t,u,b,e,.,c,o,m,/,w,a,t,c,h,?,v,=,z,t,v,I,h,q,V,t,r,r,w
h,t,t,p,s,:,/,/,w,w,w,.,y,o,u,t,u,b,e,.,c,o,m,/,w,a,t,c,h,?,v,=,V,t,K,b,i,y,y,V,Z,k,s
h,t,t,p,s,:,/,/,w,w,w,.,y,o,u,t,u,b,e,.,c,o,m,/,w,a,t,c,h,?,v,=,q,q,7,T,m,D,w,3,2,o,o
h,t,t,p,s,:,/,/,w,w,w,.,y,o,u,t,u,b,e,.,c,o,m,/,w,a,t,c,h,?,v,=,K,I,M,W,g,a,H,3,s,W,0
h,t,t,p,s,:,/,/,w,w,w,.,y,o,u,t,u,b,e,.,c,o,m,/,w,a,t,c,h,?,v,=,i,3,v,r,V,-,W,N,m,s,c
h,t,t,p,s,:,/,/,w,w,w,.,y,o,u,t,u,b,e,.,c,o,m,/,w,a,t,c,h,?,v,=,K,d,Y,Y,e,z,h,W,_,J,g
h,t,t,p,s,:,/,/,w,w,w,.,y,o,u,t,u,b,e,.,c,o,m,/,w,a,t,c,h,?,v,=,R,e,B,D,W,-,4,m,t,y,o
h,t,t,p,s,:,/,/,w,w,w,.,y,o,u,t,u,b,e,.,c,o,m,/,w,a,t,c,h,?,v,=,E,4,u,2,C,n,x,A,u,-,8
h,t,t,p,s,:,/,/,w,w,w,.,y,o,u,t,u,b,e,.,c,o,m,/,w,a,t,c,h,?,v,=,O,3,M,8,z,Z,F,F,0,W,M
h,t,t,p,s,:,/,/,w,w,w,.,y,o,u,t,u,b,e,.,c,o,m,/,w,a,t,c,h,?,v,=,1,j,n,A,7,k,e,A,l,o,4
h,t,t,p,s,:,/,/,w,w,w,.,y,o,u,t,u,b,e,.,c,o,m,/,w,a,t,c,h,?,v,=,A,9,l,I,m,W,4,w,U,i,U
h,t,t,p,s,:,/,/,w,w,w,.,y,o,u,t,u,b,e,.,c,o,m,/,w,a,t,c,h,?,v,=,u,x,8,-,E,b,W,6,D,U,I
h,t,t,p,s,:,/,/,w,w,w,.,y,o,u,t,u,b,e,.,c,o,m,/,w,a,t,c,h,?,v,=,4,1,M,0,z,J,j,c,p,C,g
h,t,t,p,s,:,/,/,w,w,w,.,y,o,u,t,u,b,e,.,c,o,m,/,w,a,t,c,h,?,v,=,O,B,w,l,2,g,l,m,q,C,0
h,t,t,p,s,:,/,/,w,w,w,.,y,o,u,t,u,b,e,.,c,o,m,/,w,a,t,c,h,?,v,=,5,H,4,X,V,w,n,r,m,o,4
h,t,t,p,s,:,/,/,w,w,w,.,y,o,u,t,u,b,e,.,c,o,m,/,w,a,t,c,h,?,v,=,w,g,Y,N,A,u,r,J,K,P,Y
h,t,t,p,s,:,/,/,w,w,w,.,y,o,u,t,u,b,e,.,c,o,m,/,w,a,t,c,h,?,v,=,N,V,y,0,L,4,C,x,C,V,o
h,t,t,p,s,:,/,/,w,w,w,.,y,o,u,t,u,b,e,.,c,o,m,/,w,a,t,c,h,?,v,=,j,o,F,3,V,q,P,Y,J,R,k
h,t,t,p,s,:,/,/,w,w,w,.,y,o,u,t,u,b,e,.,c,o,m,/,w,a,t,c,h,?,v,=,4,l,X,B,H,D,5,C,8,d,o
h,t,t,p,s,:,/,/,w,w,w,.,y,o,u,t,u,b,e,.,c,o,m,/,w,a,t,c,h,?,v,=,d,R,J,C,w,S,r,S,t,Z,A
h,t,t,p,s,:,/,/,w,w,w,.,y,o,u,t,u,b,e,.,c,o,m,/,w,a,t,c,h,?,v,=,i,S,c,T,5,I,f,g,G,-,Q
h,t,t,p,s,:,/,/,w,w,w,.,y,o,u,t,u,b,e,.,c,o,m,/,w,a,t,c,h,?,v,=,n,F,n,N,R,Y,K,e,F,W,I
h,t,t,p,s,:,/,/,w,w,w,.,y,o,u,t,u,b,e,.,c,o,m,/,w,a,t,c,h,?,v,=,E,P,6,2,5,x,Q,I,G,z,s
h,t,t,p,s,:,/,/,w,w,w,.,y,o,u,t,u,b,e,.,c,o,m,/,w,a,t,c,h,?,v,=,q,1,j,q,a,K,4,9,S,g,U
h,t,t,p,s,:,/,/,w,w,w,.,y,o,u,t,u,b,e,.,c,o,m,/,w,a,t,c,h,?,v,=,M,E,J,C,w,c,c,K,W,G,0
h,t,t,p,s,:,/,/,w,w,w,.,y,o,u,t,u,b,e,.,c,o,m,/,w,a,t,c,h,?,v,=,h,1,8,g,w,L,K,Q,f,_,Q
h,t,t,p,s,:,/,/,w,w,w,.,y,o,u,t,u,b,e,.,c,o,m,/,w,a,t,c,h,?,v,=,E,K,N,j,E,C,c,o,s,J,c
h,t,t,p,s,:,/,/,w,w,w,.,y,o,u,t,u,b,e,.,c,o,m,/,w,a,t,c,h,?,v,=,p,X,p,p,Q,v,i,I,K,C,c
h,t,t,p,s,:,/,/,w,w,w,.,y,o,u,t,u,b,e,.,c,o,m,/,w,a,t,c,h,?,v,=,R,0,t,x,i,R,5,8,l,m,M
h,t,t,p,s,:,/,/,w,w,w,.,y,o,u,t,u,b,e,.,c,o,m,/,w,a,t,c,h,?,v,=,v,b,X,l,-,N,e,-,e,M,M
h,t,t,p,s,:,/,/,w,w,w,.,y,o,u,t,u,b,e,.,c,o,m,/,w,a,t,c,h,?,v,=,r,W,V,j,h,t,-,M,I,t,o
h,t,t,p,s,:,/,/,w,w,w,.,y,o,u,t,u,b,e,.,c,o,m,/,w,a,t,c,h,?,v,=,n,4,t,K,7,L,Y,F,x,I,0
h,t,t,p,s,:,/,/,w,w,w,.,y,o,u,t,u,b,e,.,c,o,m,/,w,a,t,c,h,?,v,=,F,j,N,d,Y,p,2,g,X,R,Y
