h,t,t,p,s,:,/,/,w,w,w,.,y,o,u,t,u,b,e,.,c,o,m,/,w,a,t,c,h,?,v,=,N,B,F,V,4,c,t,U,G,q,Q
h,t,t,p,s,:,/,/,w,w,w,.,y,o,u,t,u,b,e,.,c,o,m,/,w,a,t,c,h,?,v,=,U,K,_,q,e,e,O,1,k,r,8
h,t,t,p,s,:,/,/,w,w,w,.,y,o,u,t,u,b,e,.,c,o,m,/,w,a,t,c,h,?,v,=,L,O,3,u,q,k,a,F,R,k,Y
h,t,t,p,s,:,/,/,w,w,w,.,y,o,u,t,u,b,e,.,c,o,m,/,w,a,t,c,h,?,v,=,2,Y,7,j,y,T,T,u,6,B,A
h,t,t,p,s,:,/,/,w,w,w,.,y,o,u,t,u,b,e,.,c,o,m,/,w,a,t,c,h,?,v,=,H,K,1,V,1,u,_,Q,H,F,k
h,t,t,p,s,:,/,/,w,w,w,.,y,o,u,t,u,b,e,.,c,o,m,/,w,a,t,c,h,?,v,=,t,Q,s,h,q,Z,5,N,t,_,Y
h,t,t,p,s,:,/,/,w,w,w,.,y,o,u,t,u,b,e,.,c,o,m,/,w,a,t,c,h,?,v,=,M,C,j,1,N,7,e,X,c,2,Q
h,t,t,p,s,:,/,/,w,w,w,.,y,o,u,t,u,b,e,.,c,o,m,/,w,a,t,c,h,?,v,=,C,G,h,-,h,Q,a,Y,R,d,k
h,t,t,p,s,:,/,/,w,w,w,.,y,o,u,t,u,b,e,.,c,o,m,/,w,a,t,c,h,?,v,=,l,H,g,u,x,1,_,T,D,S,8
h,t,t,p,s,:,/,/,w,w,w,.,y,o,u,t,u,b,e,.,c,o,m,/,w,a,t,c,h,?,v,=,B,7,P,f,m,a,r,v,b,m,Q
h,t,t,p,s,:,/,/,w,w,w,.,y,o,u,t,u,b,e,.,c,o,m,/,w,a,t,c,h,?,v,=,z,J,k,L,h,X,A,r,u,c,U
h,t,t,p,s,:,/,/,w,w,w,.,y,o,u,t,u,b,e,.,c,o,m,/,w,a,t,c,h,?,v,=,P,f,J,m,3,0,j,r,u,g,c
h,t,t,p,s,:,/,/,w,w,w,.,y,o,u,t,u,b,e,.,c,o,m,/,w,a,t,c,h,?,v,=,x,x,j,K,e,E,a,6,Y,s,o
h,t,t,p,s,:,/,/,w,w,w,.,y,o,u,t,u,b,e,.,c,o,m,/,w,a,t,c,h,?,v,=,Y,Q,3,m,p,G,L,0,V,Y,8
h,t,t,p,s,:,/,/,w,w,w,.,y,o,u,t,u,b,e,.,c,o,m,/,w,a,t,c,h,?,v,=,b,l,n,F,O,d,7,r,1,b,Q
h,t,t,p,s,:,/,/,w,w,w,.,y,o,u,t,u,b,e,.,c,o,m,/,w,a,t,c,h,?,v,=,9,y,_,G,o,t,F,6,C,T,M
h,t,t,p,s,:,/,/,w,w,w,.,y,o,u,t,u,b,e,.,c,o,m,/,w,a,t,c,h,?,v,=,k,C,O,E,f,y,E,n,7,e,I
h,t,t,p,s,:,/,/,w,w,w,.,y,o,u,t,u,b,e,.,c,o,m,/,w,a,t,c,h,?,v,=,z,Q,P,w,K,a,N,C,I,O,M
h,t,t,p,s,:,/,/,w,w,w,.,y,o,u,t,u,b,e,.,c,o,m,/,w,a,t,c,h,?,v,=,X,b,-,X,K,r,T,4,C,r,I
h,t,t,p,s,:,/,/,w,w,w,.,y,o,u,t,u,b,e,.,c,o,m,/,w,a,t,c,h,?,v,=,S,q,V,S,M,u,c,F,D,W,k
h,t,t,p,s,:,/,/,w,w,w,.,y,o,u,t,u,b,e,.,c,o,m,/,w,a,t,c,h,?,v,=,c,5,k,Z,P,N,i,z,9,N,I
h,t,t,p,s,:,/,/,w,w,w,.,y,o,u,t,u,b,e,.,c,o,m,/,w,a,t,c,h,?,v,=,x,7,o,K,S,O,U,H,o,l,0
h,t,t,p,s,:,/,/,w,w,w,.,y,o,u,t,u,b,e,.,c,o,m,/,w,a,t,c,h,?,v,=,W,-,0,u,5,c,C,z,v,I,U
h,t,t,p,s,:,/,/,w,w,w,.,y,o,u,t,u,b,e,.,c,o,m,/,w,a,t,c,h,?,v,=,x,4,Z,v,Q,u,a,R,Q,C,Y
h,t,t,p,s,:,/,/,w,w,w,.,y,o,u,t,u,b,e,.,c,o,m,/,w,a,t,c,h,?,v,=,f,t,0,q,1,D,S,D,r,G,U
h,t,t,p,s,:,/,/,w,w,w,.,y,o,u,t,u,b,e,.,c,o,m,/,w,a,t,c,h,?,v,=,K,G,x,f,h,F,W,1,N,1,k
h,t,t,p,s,:,/,/,w,w,w,.,y,o,u,t,u,b,e,.,c,o,m,/,w,a,t,c,h,?,v,=,Z,e,P,f,z,g,d,D,7,L,o
h,t,t,p,s,:,/,/,w,w,w,.,y,o,u,t,u,b,e,.,c,o,m,/,w,a,t,c,h,?,v,=,H,Z,K,M,a,h,E,1,2,J,M
h,t,t,p,s,:,/,/,w,w,w,.,y,o,u,t,u,b,e,.,c,o,m,/,w,a,t,c,h,?,v,=,c,C,H,g,X,b,s,-,3,X,k
h,t,t,p,s,:,/,/,w,w,w,.,y,o,u,t,u,b,e,.,c,o,m,/,w,a,t,c,h,?,v,=,R,9,9,D,2,H,J,_,x,N,I
h,t,t,p,s,:,/,/,w,w,w,.,y,o,u,t,u,b,e,.,c,o,m,/,w,a,t,c,h,?,v,=,u,t,6,A,g,6,c,E,F,E,E
h,t,t,p,s,:,/,/,w,w,w,.,y,o,u,t,u,b,e,.,c,o,m,/,w,a,t,c,h,?,v,=,v,Q,t,0,y,J,7,x,d,A,U
h,t,t,p,s,:,/,/,w,w,w,.,y,o,u,t,u,b,e,.,c,o,m,/,w,a,t,c,h,?,v,=,P,D,-,g,l,m,z,2,L,H,M
h,t,t,p,s,:,/,/,w,w,w,.,y,o,u,t,u,b,e,.,c,o,m,/,w,a,t,c,h,?,v,=,a,D,d,O,2,P,H,o,7,F,c
h,t,t,p,s,:,/,/,w,w,w,.,y,o,u,t,u,b,e,.,c,o,m,/,w,a,t,c,h,?,v,=,p,9,N,G,a,Y,b,Q,Y,C,k
h,t,t,p,s,:,/,/,w,w,w,.,y,o,u,t,u,b,e,.,c,o,m,/,w,a,t,c,h,?,v,=,L,W,P,D,u,X,6,c,z,U,k
h,t,t,p,s,:,/,/,w,w,w,.,y,o,u,t,u,b,e,.,c,o,m,/,w,a,t,c,h,?,v,=,m,X,e,5,z,k,o,U,L,q,E
h,t,t,p,s,:,/,/,w,w,w,.,y,o,u,t,u,b,e,.,c,o,m,/,w,a,t,c,h,?,v,=,g,a,Z,P,S,q,X,x,D,3,w
h,t,t,p,s,:,/,/,w,w,w,.,y,o,u,t,u,b,e,.,c,o,m,/,w,a,t,c,h,?,v,=,6,C,g,Q,q,0,_,l,P,Q,8
h,t,t,p,s,:,/,/,w,w,w,.,y,o,u,t,u,b,e,.,c,o,m,/,w,a,t,c,h,?,v,=,y,b,E,4,Q,l,p,Y,K,-,E
h,t,t,p,s,:,/,/,w,w,w,.,y,o,u,t,u,b,e,.,c,o,m,/,w,a,t,c,h,?,v,=,5,W,M,k,8,6,2,b,R,x,o
h,t,t,p,s,:,/,/,w,w,w,.,y,o,u,t,u,b,e,.,c,o,m,/,w,a,t,c,h,?,v,=,7,h,_,C,C,_,O,w,o,V,M
h,t,t,p,s,:,/,/,w,w,w,.,y,o,u,t,u,b,e,.,c,o,m,/,w,a,t,c,h,?,v,=,T,k,x,x,F,3,v,d,s,5,c
h,t,t,p,s,:,/,/,w,w,w,.,y,o,u,t,u,b,e,.,c,o,m,/,w,a,t,c,h,?,v,=,o,T,f,4,p,o,N,f,R,c,E
h,t,t,p,s,:,/,/,w,w,w,.,y,o,u,t,u,b,e,.,c,o,m,/,w,a,t,c,h,?,v,=,h,4,I,z,3,r,6,s,z,5,o
h,t,t,p,s,:,/,/,w,w,w,.,y,o,u,t,u,b,e,.,c,o,m,/,w,a,t,c,h,?,v,=,v,z,5,8,x,k,T,o,E,w,w
h,t,t,p,s,:,/,/,w,w,w,.,y,o,u,t,u,b,e,.,c,o,m,/,w,a,t,c,h,?,v,=,h,Q,0,W,A,9,K,U,Y,z,A
h,t,t,p,s,:,/,/,w,w,w,.,y,o,u,t,u,b,e,.,c,o,m,/,w,a,t,c,h,?,v,=,j,k,9,6,C,b,Y,5,L,6,Y
h,t,t,p,s,:,/,/,w,w,w,.,y,o,u,t,u,b,e,.,c,o,m,/,w,a,t,c,h,?,v,=,h,a,M,Z,s,d,g,S,9,k,k
h,t,t,p,s,:,/,/,w,w,w,.,y,o,u,t,u,b,e,.,c,o,m,/,w,a,t,c,h,?,v,=,i,K,a,q,o,h,X,o,W,B,4
h,t,t,p,s,:,/,/,w,w,w,.,y,o,u,t,u,b,e,.,c,o,m,/,w,a,t,c,h,?,v,=,P,R,H,H,O,D,I,d,5,O,c
h,t,t,p,s,:,/,/,w,w,w,.,y,o,u,t,u,b,e,.,c,o,m,/,w,a,t,c,h,?,v,=,8,M,Y,W,w,K,E,4,7,D,s
h,t,t,p,s,:,/,/,w,w,w,.,y,o,u,t,u,b,e,.,c,o,m,/,w,a,t,c,h,?,v,=,y,G,w,x,V,Y,w,t,i,Q,8
h,t,t,p,s,:,/,/,w,w,w,.,y,o,u,t,u,b,e,.,c,o,m,/,w,a,t,c,h,?,v,=,V,4,s,t,e,X,h,0,p,Y,c
h,t,t,p,s,:,/,/,w,w,w,.,y,o,u,t,u,b,e,.,c,o,m,/,w,a,t,c,h,?,v,=,8,j,V,4,p,t,t,o,7,A,Y
h,t,t,p,s,:,/,/,w,w,w,.,y,o,u,t,u,b,e,.,c,o,m,/,w,a,t,c,h,?,v,=,u,O,p,S,4,y,1,h,M,S,U
h,t,t,p,s,:,/,/,w,w,w,.,y,o,u,t,u,b,e,.,c,o,m,/,w,a,t,c,h,?,v,=,f,a,3,V,Z,6,Y,0,l,U,s
h,t,t,p,s,:,/,/,w,w,w,.,y,o,u,t,u,b,e,.,c,o,m,/,w,a,t,c,h,?,v,=,d,s,J,B,a,1,p,V,4,6,I
