h,t,t,p,s,:,/,/,w,w,w,.,y,o,u,t,u,b,e,.,c,o,m,/,w,a,t,c,h,?,v,=,R,-,0,L,W,q,a,-,U,N,o
h,t,t,p,s,:,/,/,w,w,w,.,y,o,u,t,u,b,e,.,c,o,m,/,w,a,t,c,h,?,v,=,E,6,6,v,5,G,O,P,g,k,U
h,t,t,p,s,:,/,/,w,w,w,.,y,o,u,t,u,b,e,.,c,o,m,/,w,a,t,c,h,?,v,=,d,6,m,E,Q,x,0,y,i,3,A
h,t,t,p,s,:,/,/,w,w,w,.,y,o,u,t,u,b,e,.,c,o,m,/,w,a,t,c,h,?,v,=,Y,v,3,a,d,H,i,H,s,i,I
h,t,t,p,s,:,/,/,w,w,w,.,y,o,u,t,u,b,e,.,c,o,m,/,w,a,t,c,h,?,v,=,A,J,h,1,o,0,w,v,q,K,I
h,t,t,p,s,:,/,/,w,w,w,.,y,o,u,t,u,b,e,.,c,o,m,/,w,a,t,c,h,?,v,=,y,s,N,o,l,l,i,7,i,G,g
h,t,t,p,s,:,/,/,w,w,w,.,y,o,u,t,u,b,e,.,c,o,m,/,w,a,t,c,h,?,v,=,S,Y,A,6,k,l,o,Y,s,l,A
h,t,t,p,s,:,/,/,w,w,w,.,y,o,u,t,u,b,e,.,c,o,m,/,w,a,t,c,h,?,v,=,7,8,J,X,d,i,7,I,G,N,o
h,t,t,p,s,:,/,/,w,w,w,.,y,o,u,t,u,b,e,.,c,o,m,/,w,a,t,c,h,?,v,=,Y,8,J,C,G,-,H,h,d,L,A
h,t,t,p,s,:,/,/,w,w,w,.,y,o,u,t,u,b,e,.,c,o,m,/,w,a,t,c,h,?,v,=,j,Q,d,9,n,I,6,9,N,D,8
h,t,t,p,s,:,/,/,w,w,w,.,y,o,u,t,u,b,e,.,c,o,m,/,w,a,t,c,h,?,v,=,M,D,I,A,O,R,N,K,0,G,Y
h,t,t,p,s,:,/,/,w,w,w,.,y,o,u,t,u,b,e,.,c,o,m,/,w,a,t,c,h,?,v,=,c,5,Z,u,b,R,G,v,g,N,Y
h,t,t,p,s,:,/,/,w,w,w,.,y,o,u,t,u,b,e,.,c,o,m,/,w,a,t,c,h,?,v,=,V,G,h,5,D,V,0,D,3,w,k
h,t,t,p,s,:,/,/,w,w,w,.,y,o,u,t,u,b,e,.,c,o,m,/,w,a,t,c,h,?,v,=,1,3,T,I,W,y,e,u,Y,4,w
h,t,t,p,s,:,/,/,w,w,w,.,y,o,u,t,u,b,e,.,c,o,m,/,w,a,t,c,h,?,v,=,W,r,k,y,T,-,6,i,v,j,c
h,t,t,p,s,:,/,/,w,w,w,.,y,o,u,t,u,b,e,.,c,o,m,/,w,a,t,c,h,?,v,=,k,1,I,3,z,3,g,1,z,a,s
h,t,t,p,s,:,/,/,w,w,w,.,y,o,u,t,u,b,e,.,c,o,m,/,w,a,t,c,h,?,v,=,R,v,J,Y,I,G,J,i,l,G,0
h,t,t,p,s,:,/,/,w,w,w,.,y,o,u,t,u,b,e,.,c,o,m,/,w,a,t,c,h,?,v,=,3,9,F,b,J,q,O,0,q,W,4
h,t,t,p,s,:,/,/,w,w,w,.,y,o,u,t,u,b,e,.,c,o,m,/,w,a,t,c,h,?,v,=,m,j,2,X,u,E,d,G,C,g,A
h,t,t,p,s,:,/,/,w,w,w,.,y,o,u,t,u,b,e,.,c,o,m,/,w,a,t,c,h,?,v,=,V,H,M,G,0,t,Q,1,s,q,0
h,t,t,p,s,:,/,/,w,w,w,.,y,o,u,t,u,b,e,.,c,o,m,/,w,a,t,c,h,?,v,=,X,E,-,o,M,O,E,Z,7,R,c
h,t,t,p,s,:,/,/,w,w,w,.,y,o,u,t,u,b,e,.,c,o,m,/,w,a,t,c,h,?,v,=,9,g,p,x,v,2,P,Z,e,2,U
h,t,t,p,s,:,/,/,w,w,w,.,y,o,u,t,u,b,e,.,c,o,m,/,w,a,t,c,h,?,v,=,h,6,y,Q,Q,g,K,y,D,t,E
h,t,t,p,s,:,/,/,w,w,w,.,y,o,u,t,u,b,e,.,c,o,m,/,w,a,t,c,h,?,v,=,7,x,V,v,g,Z,g,j,k,I,A
h,t,t,p,s,:,/,/,w,w,w,.,y,o,u,t,u,b,e,.,c,o,m,/,w,a,t,c,h,?,v,=,e,U,F,x,R,P,N,1,U,W,0
h,t,t,p,s,:,/,/,w,w,w,.,y,o,u,t,u,b,e,.,c,o,m,/,w,a,t,c,h,?,v,=,h,H,s,M,q,D,G,k,y,2,A
h,t,t,p,s,:,/,/,w,w,w,.,y,o,u,t,u,b,e,.,c,o,m,/,w,a,t,c,h,?,v,=,k,U,I,L,Q,O,V,t,4,v,U
h,t,t,p,s,:,/,/,w,w,w,.,y,o,u,t,u,b,e,.,c,o,m,/,w,a,t,c,h,?,v,=,K,q,N,i,U,m,n,Z,a,A,U
h,t,t,p,s,:,/,/,w,w,w,.,y,o,u,t,u,b,e,.,c,o,m,/,w,a,t,c,h,?,v,=,m,c,9,L,K,J,M,e,d,a,Y
h,t,t,p,s,:,/,/,w,w,w,.,y,o,u,t,u,b,e,.,c,o,m,/,w,a,t,c,h,?,v,=,Q,N,f,Q,q,_,z,2,5,5,c
h,t,t,p,s,:,/,/,w,w,w,.,y,o,u,t,u,b,e,.,c,o,m,/,w,a,t,c,h,?,v,=,P,K,f,x,m,F,U,3,l,W,Y
h,t,t,p,s,:,/,/,w,w,w,.,y,o,u,t,u,b,e,.,c,o,m,/,w,a,t,c,h,?,v,=,5,t,A,s,U,G,E,q,o,b,4
h,t,t,p,s,:,/,/,w,w,w,.,y,o,u,t,u,b,e,.,c,o,m,/,w,a,t,c,h,?,v,=,v,8,V,0,a,g,3,c,-,H,A
h,t,t,p,s,:,/,/,w,w,w,.,y,o,u,t,u,b,e,.,c,o,m,/,w,a,t,c,h,?,v,=,Y,T,w,e,m,a,3,-,O,T,w
h,t,t,p,s,:,/,/,w,w,w,.,y,o,u,t,u,b,e,.,c,o,m,/,w,a,t,c,h,?,v,=,B,8,8,m,v,0,d,h,Y,w,c
h,t,t,p,s,:,/,/,w,w,w,.,y,o,u,t,u,b,e,.,c,o,m,/,w,a,t,c,h,?,v,=,x,G,L,i,z,M,Z,m,A,5,c
h,t,t,p,s,:,/,/,w,w,w,.,y,o,u,t,u,b,e,.,c,o,m,/,w,a,t,c,h,?,v,=,c,q,z,R,F,s,q,W,Y,D,s
h,t,t,p,s,:,/,/,w,w,w,.,y,o,u,t,u,b,e,.,c,o,m,/,w,a,t,c,h,?,v,=,e,u,o,i,8,V,E,q,T,U,0
h,t,t,p,s,:,/,/,w,w,w,.,y,o,u,t,u,b,e,.,c,o,m,/,w,a,t,c,h,?,v,=,M,-,-,O,-,T,_,q,m,0,c
h,t,t,p,s,:,/,/,w,w,w,.,y,o,u,t,u,b,e,.,c,o,m,/,w,a,t,c,h,?,v,=,m,N,0,T,v,P,2,Z,g,I,g
h,t,t,p,s,:,/,/,w,w,w,.,y,o,u,t,u,b,e,.,c,o,m,/,w,a,t,c,h,?,v,=,o,I,x,c,c,Z,R,F,s,n,U
h,t,t,p,s,:,/,/,w,w,w,.,y,o,u,t,u,b,e,.,c,o,m,/,w,a,t,c,h,?,v,=,X,M,7,l,b,5,w,i,Q,k,E
h,t,t,p,s,:,/,/,w,w,w,.,y,o,u,t,u,b,e,.,c,o,m,/,w,a,t,c,h,?,v,=,V,Z,m,X,8,V,Q,Q,i,y,k
h,t,t,p,s,:,/,/,w,w,w,.,y,o,u,t,u,b,e,.,c,o,m,/,w,a,t,c,h,?,v,=,7,X,o,x,I,D,w,5,x,E,o
h,t,t,p,s,:,/,/,w,w,w,.,y,o,u,t,u,b,e,.,c,o,m,/,w,a,t,c,h,?,v,=,W,X,S,Y,s,j,M,N,M,J,c
h,t,t,p,s,:,/,/,w,w,w,.,y,o,u,t,u,b,e,.,c,o,m,/,w,a,t,c,h,?,v,=,m,d,a,C,D,s,N,1,F,J,0
h,t,t,p,s,:,/,/,w,w,w,.,y,o,u,t,u,b,e,.,c,o,m,/,w,a,t,c,h,?,v,=,Q,1,Y,_,A,Z,8,f,J,D,0
h,t,t,p,s,:,/,/,w,w,w,.,y,o,u,t,u,b,e,.,c,o,m,/,w,a,t,c,h,?,v,=,R,S,Q,q,V,D,m,N,a,j,0
h,t,t,p,s,:,/,/,w,w,w,.,y,o,u,t,u,b,e,.,c,o,m,/,w,a,t,c,h,?,v,=,9,Q,3,1,J,3,m,k,C,K,Y
h,t,t,p,s,:,/,/,w,w,w,.,y,o,u,t,u,b,e,.,c,o,m,/,w,a,t,c,h,?,v,=,O,o,z,C,7,x,k,h,b,u,0
h,t,t,p,s,:,/,/,w,w,w,.,y,o,u,t,u,b,e,.,c,o,m,/,w,a,t,c,h,?,v,=,6,y,_,N,J,g,-,x,o,e,E
h,t,t,p,s,:,/,/,w,w,w,.,y,o,u,t,u,b,e,.,c,o,m,/,w,a,t,c,h,?,v,=,m,j,x,p,C,B,L,6,C,c,Q
h,t,t,p,s,:,/,/,w,w,w,.,y,o,u,t,u,b,e,.,c,o,m,/,w,a,t,c,h,?,v,=,o,O,1,0,e,N,i,c,s,f,Q
h,t,t,p,s,:,/,/,w,w,w,.,y,o,u,t,u,b,e,.,c,o,m,/,w,a,t,c,h,?,v,=,s,V,m,Q,S,I,s,f,D,r,Y
h,t,t,p,s,:,/,/,w,w,w,.,y,o,u,t,u,b,e,.,c,o,m,/,w,a,t,c,h,?,v,=,W,P,2,s,j,V,n,a,Z,x,g
h,t,t,p,s,:,/,/,w,w,w,.,y,o,u,t,u,b,e,.,c,o,m,/,w,a,t,c,h,?,v,=,y,8,M,s,E,-,4,d,y,g,Y
h,t,t,p,s,:,/,/,w,w,w,.,y,o,u,t,u,b,e,.,c,o,m,/,w,a,t,c,h,?,v,=,T,z,b,0,_,q,Q,W,i,o,Q
h,t,t,p,s,:,/,/,w,w,w,.,y,o,u,t,u,b,e,.,c,o,m,/,w,a,t,c,h,?,v,=,g,M,u,9,T,M,w,q,R,K,s
h,t,t,p,s,:,/,/,w,w,w,.,y,o,u,t,u,b,e,.,c,o,m,/,w,a,t,c,h,?,v,=,q,Q,t,g,a,x,q,9,2,D,g
h,t,t,p,s,:,/,/,w,w,w,.,y,o,u,t,u,b,e,.,c,o,m,/,w,a,t,c,h,?,v,=,Y,2,v,o,8,8,K,U,v,4,o
h,t,t,p,s,:,/,/,w,w,w,.,y,o,u,t,u,b,e,.,c,o,m,/,w,a,t,c,h,?,v,=,8,g,N,W,C,R,z,5,_,Z,0
h,t,t,p,s,:,/,/,w,w,w,.,y,o,u,t,u,b,e,.,c,o,m,/,w,a,t,c,h,?,v,=,D,L,F,9,X,r,k,E,9,e,U
h,t,t,p,s,:,/,/,w,w,w,.,y,o,u,t,u,b,e,.,c,o,m,/,w,a,t,c,h,?,v,=,8,3,u,a,H,3,b,1,w,t,I
h,t,t,p,s,:,/,/,w,w,w,.,y,o,u,t,u,b,e,.,c,o,m,/,w,a,t,c,h,?,v,=,c,a,p,B,a,1,i,T,e,0,E
h,t,t,p,s,:,/,/,w,w,w,.,y,o,u,t,u,b,e,.,c,o,m,/,w,a,t,c,h,?,v,=,l,c,U,U,N,D,L,l,f,M,I
h,t,t,p,s,:,/,/,w,w,w,.,y,o,u,t,u,b,e,.,c,o,m,/,w,a,t,c,h,?,v,=,D,D,K,F,x,6,N,5,n,p,k
h,t,t,p,s,:,/,/,w,w,w,.,y,o,u,t,u,b,e,.,c,o,m,/,w,a,t,c,h,?,v,=,-,W,R,0,o,7,N,W,U,y,8
h,t,t,p,s,:,/,/,w,w,w,.,y,o,u,t,u,b,e,.,c,o,m,/,w,a,t,c,h,?,v,=,a,U,2,h,_,B,V,v,p,X,s
h,t,t,p,s,:,/,/,w,w,w,.,y,o,u,t,u,b,e,.,c,o,m,/,w,a,t,c,h,?,v,=,B,0,0,2,x,J,n,H,Z,P,w
h,t,t,p,s,:,/,/,w,w,w,.,y,o,u,t,u,b,e,.,c,o,m,/,w,a,t,c,h,?,v,=,8,T,r,M,h,R,7,Z,p,B,k
h,t,t,p,s,:,/,/,w,w,w,.,y,o,u,t,u,b,e,.,c,o,m,/,w,a,t,c,h,?,v,=,l,h,6,C,i,R,8,B,S,I,c
h,t,t,p,s,:,/,/,w,w,w,.,y,o,u,t,u,b,e,.,c,o,m,/,w,a,t,c,h,?,v,=,b,C,L,B,j,Q,v,2,F,f,w
h,t,t,p,s,:,/,/,w,w,w,.,y,o,u,t,u,b,e,.,c,o,m,/,w,a,t,c,h,?,v,=,8,h,W,s,a,l,Y,Q,h,W,k
h,t,t,p,s,:,/,/,w,w,w,.,y,o,u,t,u,b,e,.,c,o,m,/,w,a,t,c,h,?,v,=,l,i,R,1,n,I,e,w,O,y,E
h,t,t,p,s,:,/,/,w,w,w,.,y,o,u,t,u,b,e,.,c,o,m,/,w,a,t,c,h,?,v,=,f,g,x,_,M,W,j,h,F,1,A
h,t,t,p,s,:,/,/,w,w,w,.,y,o,u,t,u,b,e,.,c,o,m,/,w,a,t,c,h,?,v,=,b,T,N,T,N,x,Z,a,T,p,0
h,t,t,p,s,:,/,/,w,w,w,.,y,o,u,t,u,b,e,.,c,o,m,/,w,a,t,c,h,?,v,=,O,9,V,-,8,k,G,Q,V,W,Q
h,t,t,p,s,:,/,/,w,w,w,.,y,o,u,t,u,b,e,.,c,o,m,/,w,a,t,c,h,?,v,=,P,N,O,H,x,g,w,d,Q,5,4
h,t,t,p,s,:,/,/,w,w,w,.,y,o,u,t,u,b,e,.,c,o,m,/,w,a,t,c,h,?,v,=,T,R,W,9,f,8,G,v,A,0,g
h,t,t,p,s,:,/,/,w,w,w,.,y,o,u,t,u,b,e,.,c,o,m,/,w,a,t,c,h,?,v,=,t,G,Z,e,J,k,s,h,D,Z,s
h,t,t,p,s,:,/,/,w,w,w,.,y,o,u,t,u,b,e,.,c,o,m,/,w,a,t,c,h,?,v,=,v,3,t,W,W,V,0,4,S,v,E
h,t,t,p,s,:,/,/,w,w,w,.,y,o,u,t,u,b,e,.,c,o,m,/,w,a,t,c,h,?,v,=,B,F,k,U,M,H,8,t,T,b,0
h,t,t,p,s,:,/,/,w,w,w,.,y,o,u,t,u,b,e,.,c,o,m,/,w,a,t,c,h,?,v,=,y,7,r,4,O,j,P,z,4,5,0
h,t,t,p,s,:,/,/,w,w,w,.,y,o,u,t,u,b,e,.,c,o,m,/,w,a,t,c,h,?,v,=,L,m,Q,9,3,o,B,1,0,u,w
h,t,t,p,s,:,/,/,w,w,w,.,y,o,u,t,u,b,e,.,c,o,m,/,w,a,t,c,h,?,v,=,q,Y,o,t,9,S,h,f,e,e,s
h,t,t,p,s,:,/,/,w,w,w,.,y,o,u,t,u,b,e,.,c,o,m,/,w,a,t,c,h,?,v,=,e,T,V,M,J,c,p,w,M,8,U
h,t,t,p,s,:,/,/,w,w,w,.,y,o,u,t,u,b,e,.,c,o,m,/,w,a,t,c,h,?,v,=,I,P,I,o,R,P,t,z,d,G,4
h,t,t,p,s,:,/,/,w,w,w,.,y,o,u,t,u,b,e,.,c,o,m,/,w,a,t,c,h,?,v,=,M,_,H,X,D,p,S,W,z,F,o
h,t,t,p,s,:,/,/,w,w,w,.,y,o,u,t,u,b,e,.,c,o,m,/,w,a,t,c,h,?,v,=,Y,b,5,N,u,6,F,k,S,V,g
h,t,t,p,s,:,/,/,w,w,w,.,y,o,u,t,u,b,e,.,c,o,m,/,w,a,t,c,h,?,v,=,x,Z,C,J,i,I,9,J,s,O,0
h,t,t,p,s,:,/,/,w,w,w,.,y,o,u,t,u,b,e,.,c,o,m,/,w,a,t,c,h,?,v,=,J,Y,9,O,h,d,d,p,o,2,s
h,t,t,p,s,:,/,/,w,w,w,.,y,o,u,t,u,b,e,.,c,o,m,/,w,a,t,c,h,?,v,=,p,S,v,n,0,r,p,0,k,z,0
h,t,t,p,s,:,/,/,w,w,w,.,y,o,u,t,u,b,e,.,c,o,m,/,w,a,t,c,h,?,v,=,c,j,7,3,h,U,r,w,M,1,s
h,t,t,p,s,:,/,/,w,w,w,.,y,o,u,t,u,b,e,.,c,o,m,/,w,a,t,c,h,?,v,=,5,y,W,c,g,z,I,4,g,E,w
h,t,t,p,s,:,/,/,w,w,w,.,y,o,u,t,u,b,e,.,c,o,m,/,w,a,t,c,h,?,v,=,K,-,b,S,E,w,r,-,j,X,8
h,t,t,p,s,:,/,/,w,w,w,.,y,o,u,t,u,b,e,.,c,o,m,/,w,a,t,c,h,?,v,=,J,j,O,e,S,z,k,t,w,J,s
h,t,t,p,s,:,/,/,w,w,w,.,y,o,u,t,u,b,e,.,c,o,m,/,w,a,t,c,h,?,v,=,B,L,_,0,s,H,P,M,r,Q,I
h,t,t,p,s,:,/,/,w,w,w,.,y,o,u,t,u,b,e,.,c,o,m,/,w,a,t,c,h,?,v,=,J,_,b,6,_,e,9,Z,H,a,U
h,t,t,p,s,:,/,/,w,w,w,.,y,o,u,t,u,b,e,.,c,o,m,/,w,a,t,c,h,?,v,=,F,d,A,x,_,q,9,2,m,-,M
h,t,t,p,s,:,/,/,w,w,w,.,y,o,u,t,u,b,e,.,c,o,m,/,w,a,t,c,h,?,v,=,N,5,3,k,5,H,z,-,g,J,8
